Migrant remittance inflows (US$ million),1970,1971,1972,1973,1974,1975,1976,1977,1978,1979,1980,1981,1982,1983,1984,1985,1986,1987,1988,1989,1990,1991,1992,1993,1994,1995,1996,1997,1998,1999,2000,2001,2002,2003,2004,2005,2006,2007,2008,2009,2010,2011,2012,2013,2014,2015,2016,2017p
Afghanistan,0,0,0,0,0,0,0,0,0,0,0,0,0,0,0,0,0,0,0,0,0,0,0,0,0,0,0,0,0,0,0,0,0,0,0,0,0,0,105.6860388,152.2066076,342.0655259,185.3491621,251.7367234,313.7562481,268.0607452,301.173792,430.839232,479.3346276
Albania,0,0,0,0,0,0,0,0,0,0,0,0,0,0,0,0,0,0,0,0,0,0,151.8,332.2,307.4,427.7,551.3,300.4,503.87,407.6,598,699.4,733.14,889,1162,1289.704316,1359.467325,1468.02,1495.038254,1318.476279,1156.021682,1125.664516,1027.055045,1093.922787,1141.68,1046.980032,1051.219968,1070.141927
Algeria,211,238,227,225,202,266,255,349,393,417,406,447,507,392,329,313,358,487,379,345,352,1290,1390,1140,1395,1120,880,1060,1060,790,790,670,1070,1750,2460,2060,1610,2120,2202,2059,2044,1942,1942,2000,2000,2000,2000,2064.543639
American Samoa,0,0,0,0,0,0,0,0,0,0,0,0,0,0,0,0,0,0,0,0,0,0,0,0,0,0,0,0,0,0,0,0,0,0,0,0,0,0,0,0,0,0,0,0,0,0,0,0
Andorra,0,0,0,0,0,0,0,0,0,0,0,0,0,0,0,0,0,0,0,0,0,0,0,0,0,0,0,0,0,0,0,0,0,0,0,0,0,0,0,0,0,0,0,0,0,0,0,0
Angola,0,0,0,0,0,0,0,0,0,0,0,0,0,0,0,0,0,0,0,0,0,0,0,0,0,0,5.142,0,0,0,0,0,0,0,0,0,0,0,82.084,11.2043585,29.014037,11.2467511,11.087,11.087,30.97111927,11.114712,11.114712,11.41137826
Antigua and Barbuda,0,0,0,0,0,0,0,0,0,0,0,0,0,0,0,0,11.1851852,11.7444444,12.3370371,13.1962963,12.5333333,3.0481481,2.7148148,11.6296296,11.9481481,3.3333333,12.274074,15.9444444,22.2000001,21.8388888,20.6762962,27.0099993,17.5754999,19.70557,20.9349596,18.30548889,19.32572038,20.78328704,21.8284026,20.65871889,20.19766667,20.29261,20.85622,21.12735074,21.12735074,21.12735074,21.12735074,22.59728956
Argentina,0,0,0,0,0,0,0,0,26,42,56,42,28,28,32,27,32,34,0,0,0,0,15.4,57.7,62.4,63.6,65,65.7,68.5,64.3,86.343659,190.1,206.53,273.52,311.69,432.09,541.3,606.43,697.56,620.5893499,644.30074,697.3795751,576.4830516,533.7806057,505.3468917,494.433536,541.726864,560.4503525
Armenia,0,0,0,0,0,0,0,0,0,0,0,0,0,0,0,0,0,0,0,0,0,0,0,0,0,65.35,83.86,135.74,92.41,94.65,87.47,94.38816,131.173,167.838,434.74698,915.2311618,1169.173063,1644.375091,1904.067122,1439.809232,1669.33682,1798.624692,1914.983997,2192.193827,2078.618315,1491.475904,1382.33088,1489.259805
Aruba,0,0,0,0,0,0,0,0,0,0,0,0,0,0,0,0,0,0,0,0,0,2.56983243,2.62569835,3.35195527,3.91061451,4.4134078,12.12290472,2.01117319,3.01675975,6.74860337,7.871508422,9.76536313,8.91061454,10.10055862,13.03910656,0.819846096,1.036166002,5.195530726,6.759776536,9.05027933,4.972067039,5.30726257,4.860335196,6.368715083,7.48603352,7.765363125,7.377094876,7.556182316
Australia,180.560002,176.424147,229.233894,280.535371,309.051099,286.591367,304.935539,326.97947,415.195647,495,632,741,771,900,956,1009,1052.91618,1399,1887,2406,2368,2487,1924,1102,1277,1651,2157,2117,1780,2028,1904,1782,1769,2325,2838,940.4077666,1014.841491,1341.851616,1526.025147,1334.648953,1864.472761,2449.287569,2440.634975,2460.025874,2258.340296,2141.153792,2050.854272,1944.20985
Austria,16.5769228,24.7602137,36.2481935,52.594651,80.947895,87.247398,105.288037,118.794359,154.221342,198.032503,244.96817,224.081214,221.039566,214.53396,197.688682,201.287478,302.825486,400.331322,448.606247,469.35656,634.806654,772.385455,815,769,845,2243,2068,1799,1810,1809,1809,1779,1983,2498,2526,2314.592277,2516.186297,2916.148987,3189.874409,3099.130505,2984.175537,3248.735269,3029.287104,3261.615417,3311.869374,2846.099808,2880.629696,2979.061154
Azerbaijan,0,0,0,0,0,0,0,0,0,0,0,0,0,0,0,0,0,0,0,0,0,0,0,0,0,3,0,0,6.294,54.492,57.132,104,181.39,170.847,227.263,623.235,790.214,1267.735,1518.327,1254.645,1410.296,1893.08,1990.18,1733.168,1846.424,1269.964,643.147984,702.0021684
"Bahamas, The",0,0,0,0,0,0,0,0,0,0,0,0,0,0,0,0,0,0,0,0,0,0,0,0,0,0,0,0,0,0,0,0,0,0,0,0,0,0,0,0,0,0,0,0,0,0,0,0
Bahrain,0,0,0,0,0,0,0,0,0,0,0,0,0,0,0,0,0,0,0,0,0,0,0,0,0,0,0,0,0,0,0,0,0,0,0,0,0,0,0,0,0,0,0,0,0,0,0,0
Bangladesh,0,0,0,0,0,0,18.761275,78.87504,115,171,339,381,527,642,501,503,576,748,764,758,779,769,912,1010,1150,1200,1350,1530.674222,1606.411277,1810.122888,1969.422277,2100.414042,2860.399458,3191.693943,3581.611416,4642.385284,5427.515429,6562.316322,8940.611606,10520.65301,10850.21162,12071.07318,14119.62703,13866.95402,14987.53148,15295.53563,13559.36427,12854.27733
Barbados,4.4,4.6078839,5.1007643,6.3800883,8.1335226,9.2130902,9.65,10,11.7,14.2,9.1,11.05,9.05,8.45,10.4,8.15,10.8,28.2,31.95,32,37.9,45.15,54.5,55.35,57.2,60.9,68.2,77,87.4,99.35,115,131,125.061,130.5,130.508572,94.4554238,87.34842295,138.674184,101.1606508,114.4760895,81.8687962,147.2932662,121.1083957,108.3171903,108.3171903,108.3171903,108.3171903,109.8356816
Belarus,0,0,0,0,0,0,0,0,0,0,0,0,0,0,0,0,0,0,0,0,0,0,0,0.4,0.4,28.5,350.3,294.5,314.9,209,139.6,148.9,140.5,222.2,256,198.6,268.2,288.3,583.3,503.8,575.3,890.6,1053.1,1213.5,1231.3,927.2,920.4,1215.8484
Belgium,0,0,0,0,0,0,0,0,0,0,0,0,0,0,0,0,0,0,0,0,0,0,0,0,0,0,0,0,0,0,0,0,4673.54272,5986.047929,6866.688081,6887.659698,7266.03639,8993.44972,10479.60449,10638.40601,10350.50081,11065.64804,10625.76698,11234.149,11502.13361,9789.574264,9867.25428,10150.75405
Belize,0,0,0,0,0,0,0,0,0,0,0,0,0,0,17.75,21.05,24.4,19.35,16.95,21.95,18.45,15.6,19.75,16.5,12.968,13.8965,17.25,22.7,23.4,26.2294045,26.424778,30.5436631,28.4302095,33.8469785,34.9645316,44.69332284,63.81195079,73.11926319,76.48900331,78.5784016,78.13456959,75.32355382,75.94564669,74.40171037,80.33441762,84.7440775,96.6710055,100.1764687
Benin,0,0,0,0,7.382490836,17.591102,28.039281,39.181099,56.236076,72.921588,77.002245,62.006072,36.949997,43.845419,42.0659567,40.2882089,50.822119,60.225617,71.1167588,91.3364952,101.0494242,117.6481888,136.8362216,108.9361657,89.4819518,100.1343439,86.2081721,71.237248,90.3260268,76.6478262,87.0646991,83.602702,76.23084581,55.35785073,63.01335829,146.8809085,195.4999686,240.4756686,207.0252612,125.9502895,139.4330788,171.9604515,207.7754394,248.7298208,304.2539655,214.36342,207.0750637,248.9042266
Bermuda,0,0,0,0,0,0,0,0,0,0,0,0,0,0,0,0,0,0,0,0,0,0,0,0,0,0,0,0,0,0,0,0,0,0,0,0,1182.49,1450.138212,1390.779867,1346.066953,1261.4158,1175.291441,1190.775527,1224.886399,1335.68271,1445.39161,1430.010224,1487.693301
Bhutan,0,0,0,0,0,0,0,0,0,0,0,0,0,0,0,0,0,0,0,0,0,0,0,0,0,0,0,0,0,0,0,0,0,0,0,0,2.238933573,2.933039377,3.548930804,4.866701169,8.273480865,10.46053401,18.14473043,11.80428371,14.29234289,19.65650825,34.34345675,39.53088522
Bolivia,0,0,0,0,0,0,1.4,1.8,2,1,1.4,4.7,2.7,5,5.8,6,8,8.6,4.5,8.5,4.6,3.4,3.8,4.2,4.5,7.4,13.5,84.9,88.4,96,126.8,135.1,112.9,158.5,210.25,337.0400567,602.9740707,1055.366582,1134.718447,1057.93,960.2127468,1042.996647,1110.532147,1201.339479,1176.966248,1190.958174,1217.183691,1265.921862
Bosnia and Herzegovina,0,0,0,0,0,0,0,0,0,0,0,0,0,0,0,0,0,0,0,0,0,0,0,0,0,0,0,0,2043.699531,1904.653523,1607.32901,1524.904859,1526.045065,1745.937067,2067.841106,2037.731948,2148.940834,2686.415541,2717.663874,2127.03306,1822.304847,1958.2302,1845.715376,1946.641082,2107.139724,1801.112,1831.361952,1907.28858
Botswana,0,0,0,0,0,43.136806,61.4100154,68.8869103,57.4770247,58.281732,77.3263859,74.575285,56.4263477,55.8834497,49.9856229,31.2735431,37.2509999,54.3199602,54.687019,49.3824501,85.5699673,83.5000094,93.9932929,74.2857733,69.8788727,59.1586488,50.1173713,48.15732623,43.40894716,33.82063814,26.24555726,25.9193394,27.15094268,38.87265354,91.52148,117.891862,103.7474138,92.20036555,46.82320777,15.20903763,22.32129155,20.40987083,18.1539509,36.00433594,46.12310158,30.0455885,28.856317,31.03246953
Brazil,0,0,0,0,0,82,81,61,113,73,111,124,57,29,46,40,40,42,32,120,573,1113,1792,1244,2064,3314,2531,1978,1642,1862,1647,1776,2448,2824,3577,2805.358,3287.162,3305.694,3642.585,2889.1595,3082.801867,3214.602243,2784.072055,2717.675069,2647.908513,2896.909952,2739.786624,2660.332812
Brunei Darussalam,0,0,0,0,0,0,0,0,0,0,0,0,0,0,0,0,0,0,0,0,0,0,0,0,0,0,0,0,0,0,0,0,0,0,0,0,0,0,0,0,0,0,0,0,0,0,0,0
Bulgaria,0,0,0,0,0,0,0,0,0,0,0,0,0,0,0,0,0,0,0,0,0,0,0,0,0,0,41.5,50.6,50.675833,42.52802,58.235451,826,1177,1721,1726,1612.912427,1716.435981,1693.553171,1918.650334,1591.794628,1447.72,1482.59,1448.88,1666.96,1684.74,1494.740032,1665.569984,1872.100662
Burkina Faso,0,0,0,0,35.9403082,47.6546206,51.0231214,60.14742253,78.07463975,110.1363284,150.1609242,153.0404811,110.0334747,113.0524843,90.23778113,126.0467432,192,173,187,155,140,113,129,117,80.346943,0,0,0,0,0,67.335109,49.9155226,58.7341359,53.7473897,44.417329,56.64228334,67.93588049,84.32464229,99.34005787,95.987539,120.3447715,220.778727,209.9927554,308.3818486,395.78091,395.78091,405.6754328,453.9508093
Burundi,0,0,0,0,0,0,0,0,0,0,0,0,0,0,0,0,0,0,0,0,0,0,0,0,0,0,0,0,0,0,0,0,0,0,0.041783995,0.071562162,0.011470972,0.189948941,3.645216677,28.23214776,34.49892951,45.46317687,46.43364909,48.6394739,56.26259143,51.034026,51.034026,57.71551083
Cabo Verde,0,0,0,0,0,0,0,24.281503,23.602318,24.005557,40.0648,31.596889,25.852013,20.547993,20.617848,20.757016,27.56007622,36.425994,42.7420129,47.7004541,59.1403848,62.3665308,76.0129913,76.4913627,85.4536428,105.9154667,100.3497131,76.4165562,73.7415567,79.1026659,86.9059766,80.9471205,85.07968348,108.1682557,113.3888605,136.648795,136.612371,138.874466,155.1114871,136.7485726,130.9531665,176.7698116,177.9533188,175.965459,196.7879258,200.826434,220.7172,228.0694434
Cambodia,0,0,0,0,0,0,0,0,0,0,0,0,0,0,0,0,0,0,0,0,0,0,9,9.5,11.3,11.6,11.6,11.7,119.668,106.446,120.527,132.503,139.651,138.2655,177.4,163.7,183.7,185.8,187.918,142.2135,152.5420125,160.4441131,172.1060236,175.95,376.7508417,400.019008,370.593216,388.7419624
Cameroon,0,0,0,0,0,0,0,0,0,3.4787245,29.392337,28.7048112,19.0197232,28.0003965,14.82984537,12.2200147,23.7362401,12.7771477,12.3217121,32.5696854,22.9923236,7.3376437,25.0102189,20.3416713,11.4012004,11.2391419,13.4099646,26.5852561,37.512727,26.2212491,30.1583081,20.3102564,35.3970117,75.5126919,103.3893061,76.9885358,129.943173,167.3389496,162.0146238,184.3700288,114.8589527,219.2549897,210.4197651,244.059167,282.9606976,241.609808,241.609808,249.3938383
Canada,0,0,0,0,0,0,0,0,0,0,0,0,0,0,0,0,0,0,0,0,0,0,0,0,0,0,0,0,0,0,0,0,0,0,0,912.1626413,1085.682503,1177.367901,1299.464292,1195.06828,1199.096963,1226.993701,1254.823843,1336.975325,1308.71835,1323.335296,1343.332992,1406.469643
Cayman Islands,0,0,0,0,0,0,0,0,0,0,0,0,0,0,0,0,0,0,0,0,0,0,0,0,0,0,0,0,0,0,0,0,0,0,0,0,0,0,0,0,0,0,0,0,0,0,0,0
Central African Republic,0,0,0,0,0,0,0,1.9659745,0.98823048,0,0.037864525,0.011040312,0.036517869,0.020993737,0,0,0,0,0,0.021943003,0.080803692,0.14179022,0,0.1589193,0,0,0,0,0,0,0,0,0,0,0,0,0,0,0,0,0,0,0,0,0,0,0,0
Chad,0,0,0,0,0,0,0,0,0,0,0,0,0,0,0,0.033388018,1.2301263,1.3542445,0.34581372,0.79308281,0,0,0.204010855,0.32137014,0.724057277,0,0,0,0,0,0,0,0,0,0,0,0,0,0,0,0,0,0,0,0,0,0,0
Channel Islands,0,0,0,0,0,0,0,0,0,0,0,0,0,0,0,0,0,0,0,0,0,0,0,0,0,0,0,0,0,0,0,0,0,0,0,0,0,0,0,0,0,0,0,0,0,0,0,0
Chile,0,0,0,0,0,0,0,0,0,0,0,0,0,1,1,1,0.4,0.5,0.1,1.3,0.4,0,0,0,0,0,0,0,0,0,13.3,11.9,12.4,11.8,11.6,13,2.5,2.5,2.5,4.4,0,0,170.2646845,136.5727626,105.805362,104.184872,103.90216,107.4457854
China,0,0,0,0,0,0,0,0,0,0,0,0,616,542,403,271,407,166,129,76,124,207,228,108,395,350,1670,4586,344,530,758,1209,2354,4620,6640,23625.89932,27565.19376,38395.03999,47742.80539,41600.37492,52459.64588,61576.22192,57986.59842,59491.28719,62332.34231,63937.64659,60999.99949,62850.03105
Colombia,26,22.06556,22.79991,29.80325,36.0792,23,51,81.7264,75.82,101,106,160,87,72,78,110,416,625,458,467,495,881,640.5,468.1,968.850455,814.8676394,752.7362988,773.819091,805.53507,1314.68665,1612.095089,2054.96818,2476.232774,3075.923457,3189.811009,3345.610321,3899.159914,4460.194477,4826.851233,4124.862554,4030.846326,4101.315891,4018.674668,4449.831681,4165.731073,4679.692776,4902.694056,5535.141589
Comoros,0,0,0,0,0,0,0,0,0,0,1.6187222,1.2218049,2.3675952,1.8369675,2.1398184,4.2291848,4.7646141,6.8012268,7.3830176,7.887009,9.9352654,10.095549,15.999876,16.029796,15.232992,12.212938,0,0,0,0,0,0,0,0,0,54.03419948,63.14134197,73.94764241,100.9169208,100.0049751,87.16699576,108.0322788,110.2097588,115.9378335,125.9602423,128.792806,130.560201,137.6265294
"Congo, Dem. Rep.",0,0,0,0,0,0,0,0,0,0,0,0,0,0,0,0,0,0,0,0,0,0,0,0,0,0,0,0,0,0,1.308,4.7101,2.527,5.6,19.9,8.9,12.8,8.8,14.7,19.5,15.7,114.6,12.1994878,33.11131685,22.3783591,4.7173845,4.7173845,5.032445597
"Congo, Rep.",0,0,0,0,0,0,0,0,2.4993811,3.0885433,3.17588703,0,0,0,0,0,0.043314306,0.009982147,4.4317875,0,0,0,0,0,0,4.23922,7.8193354,4.5745077,1.9374465,11.6664122,10.3528731,12.1194179,1.1764905,12.3881557,14.9540548,11.37509456,0,0,0,0,0,0,0,0,0,0,0,0
Costa Rica,0,0,0,0,0,0,0,2,2.9,2.7,4.1,2.4,5.6,5.3,6.4,7.2,7.7,7.9,9.1,10,12,13.4,14.2,16,17.1,123.4,131.08,130.26,127.73,126.669,135.591484,198.46946,250.391218,320.908503,319.324,420.34641,513.1562909,617.9200875,604.768805,513.0918733,530.688786,520.2196733,562.342745,596.3992111,593.9253844,551.988512,551.423776,572.8700594
Cote d'Ivoire,0,0,0,0,0,12.131794,14.228889,15.874328,22.157634,28.205874,32.184846,30.912873,28.909979,27.029436,24.945265,24.039373,35.806493,42.92323,42.639167,35.422276,44.44203,41.473639,0,57.564103,110,151,147,136,143,138,119,116,120.0043042,142,159.0089255,163.1738356,166.7616166,184.6925412,198.9162756,315.0781769,373.4775657,396.6036598,367.1071646,384.6692764,386.6992673,336.246816,341.9630119,385.7342774
Croatia,0,0,0,0,0,0,0,0,0,0,0,0,0,0,0,0,0,0,0,0,0,0,0,230.1,375.3,544.7,667.662892,617.788176,625.142839,557.433464,640.873387,747.261089,438.809172,516.946929,665.329118,692.8079089,1611.396956,1853.996367,2065.174196,1890.465246,1900.19291,2091.659349,2084.70026,2174.198361,2148.732147,2103.620416,2189.504896,2269.838332
Cuba,0,0,0,0,0,0,0,0,0,0,0,0,0,0,0,0,0,0,0,0,0,0,0,0,0,0,0,0,0,0,0,0,0,0,0,0,0,0,0,0,0,0,0,0,0,0,0,0
Curacao,0,0,0,0,0,0,0,0,0,0,0,0,0,0,0,0,0,0,0,0,0,0,0,0,0,0,0,0,0,0,0,0,0,0,0,0,0,0,0,0,0,150.1284916,135.9664805,133.0558659,143.301676,142.3743,148.418996,153.6903923
Cyprus,0,0,0,0,0,0,31.669029,50.965206,68.538521,76.457806,94.037222,83.050416,79.724704,78.231695,73.591164,71.504097,57.127077,63.81255,71.362928,68.941129,78.588907,65.672111,81.192559,79.412122,81.269263,48.627364,49.323279,47.674892,48.278804,49.728542,64.266411,104.998549,61.6289603,84.2798256,245.391644,104.8171813,104.491879,142.1945677,974.9164724,592.9181213,861.9092654,740.0925309,555.1374804,375.507291,267.3417561,253.88996,321.081516,317.6501665
Czech Republic,0,0,0,0,0,0,0,0,0,0,0,0,0,0,0,0,0,0,0,0,0,0,0,138,164,190.4236167,112.0286268,85.286111,349.7782826,318.5494537,296.7134627,257.2593095,334.8303719,498.7068492,814.3292547,1459.75101,1687.764985,1896.648328,1134.443633,1196.075195,1229.063882,1394.312633,1409.130137,1737.884337,2628.261738,2674.828096,3126.387968,3464.037869
Denmark,0,0,0,0,0,0,0,0,0,0,0,0,0,0,0,0,0,0,0,0,0,0,464,450,439,523,0,852,766,803,667,699,785,941,1080,866.7607817,982.4706923,822.8397763,1295.450668,1218.903517,1077.537577,1357.024095,1273.574159,1217.069021,1483.0218,1255.13152,1259.63712,1299.945508
Djibouti,0,0,0,0,0,0,0,0,0,0,0,0,0,0,0,0,0,0,0,0,0,13.1216908,13.1216908,19.0354548,13.5493278,11.8894221,10.9441203,11.47303909,11.9400632,11.56306831,12.28892502,11.94569043,14.95602659,24.6678781,24.7410268,25.84950569,28.47159312,28.64039703,30.32843614,32.46661902,32.64104973,32.35970988,33.2656242,35.64575937,35.51637634,63.296196,63.296196,68.56199601
Dominica,0,0,0,0,0,0,1.3003549,3.2,5.8,8.7,8.6,8.5,7.5,9.4,10.8,11.1,7.70370367,11.77777777,16.11111127,13.37037038,13.92222223,4.9592593,5.17407404,13.73703703,13.28518493,13.43333323,13.75185133,13.88888923,14.62222234,15.6444446,16.30740735,17.1437037,17.40738879,17.81629624,23.1501336,21.77234444,22.07503333,22.48258519,22.68633333,22.13852222,22.8892963,22.87014,23.24889852,23.55113408,23.55113408,23.55113408,23.55113408,24.10933019
Dominican Republic,25.1,14.5,24,24,26.8,28,112,124,132,161,183,183,190,195,205,242,225,273,289,301,315,330,347,758.5,797.8,839.7,962.7,1143.3,1409.8,1632,1840,1984,2195,2325,2501,2719.2,3053.8,3397,3605.5,3414.7,3887,4240.7,4262.1,4485.5,4810.4,5196.200064,5509.000064,5696.213581
Ecuador,0,0,0,0,0,0,3.3,0,0,0,0,0,0,0,0,0,3,3,2,1,51,56,75,203,276,386,489,648,799,1085.2,1325.58,1426.05,1436,1636,1836,2460,2933.808811,3341.337813,3088.633129,2742.436211,2599.027038,2680.596331,2476.225962,2458.803089,2472.449389,2387.555883,2612.048514,2719.142503
"Egypt, Arab Rep.",0,0,0,0,0,0,0,928,1770,2210,2700,2180,2440,3670,3960,3210,2510,3600,3770,3290,4280,4050,6100,5660,3670,3230,3110,3700,3370,3240,2850,2910,2890,2960,3340,5017.3,5329.5,7655.8,8694,7149.6,12453.1,14324.3,19236.4,17833.1,19570.4,18325.39955,16590.00013,18199.23014
El Salvador,0,0,0,0,0,0,10.6,54,67.84,100,49.04,72.48,112.2,115.44,158.92,156.96,157.733963,186.24,210.36,237.68,366.8196642,475.3076923,694.0567128,795.4007417,972.0408134,1063.198325,1080,1200,1341.484866,1383.5,1764.7,1925.5,1958.5,2127.1,2566.5,3028.6,3482.7,3709.05,3754.75,3402.34,3471.836719,3643.949246,3896.143391,3954.928084,4154.014105,4288.065206,4593.757162,5066.91415
Equatorial Guinea,0,0,0,0,0,0,0,0,0,0,0,0,0,0,0,0,0,0,0,0,0,0,1.3185146,0,0,0.10017061,0.16420604,0,0,0,0,0,0,0,0,0,0,0,0,0,0,0,0,0,0,0,0,0
Eritrea,0,0,0,0,0,0,0,0,0,0,0,0,0,0,0,0,0,0,0,0,0,0,0,0,0,0,0,0,2.691628471,3.6340055,3.2847509,0,0,0,0,0,0,0,0,0,0,0,0,0,0,0,0,0
Estonia,0,0,0,0,0,0,0,0,0,0,0,0,0,0,0,0,0,0,0,0,0,0,0,0,2.90501471,1.283825069,1.684442008,1.737374136,2.644206012,2.31463898,4.05263427,11.0206981,19.1489802,51.2072753,166.893258,264.098327,401.8723735,410.9883818,362.2630005,339.7835961,357.166726,438.3689568,460.8425719,567.6290793,544.498868,446.307776,478.676464,464.7948465
Ethiopia,0,0,0,0,0,0,0,4.4444444,7.1497585,8.6956522,12.222222,10.483092,10.193237,11.014493,11.497585,14.202899,13.574879,8.5507246,11.304348,6.47343,5.2173913,9.7584541,15.01913,18.38,24.62567,27.359669,16.0122107,9.232460329,27.313236,33.729647,53.158882,18.313718,32.986894,46.470192,134,173.5194057,172.153314,357.838225,386.6962658,261.6124471,345.1612711,513.2486666,624.3711655,624.3711655,1796.377787,1086.98679,772.235968,805.6767214
Faeroe Islands,0,0,0,0,0,0,0,0,0,0,0,0,0,0,0,0,0,0,0,0,0,0,0,0,0,0,0,0,48.48,50.04,42.97,39.04,39.75,44.38,49.217895,80.28230511,89.05561615,109.1779694,136.5695801,138.7414374,146.3928243,158.41175,158.41175,158.41175,158.41175,158.41175,158.41175,164.533236
Fiji,0,0,0,0,0,0,0,0,0,3.5896192,4.89018675,9.3023083,8.086236,7.98410786,10.6133709,27.65366423,29.74756465,27.01272301,22.65325044,22.98876446,21.94599012,19.179192,22.68809601,26.13870392,29.64227818,32.92249369,33.4212216,35.32651068,25.92086177,24.4208921,44.00403364,83.2445058,99.44972005,124.2268878,172.8462618,203.690929,204.5899712,183.2276891,146.7017128,171.2433375,173.7672189,160.3733465,190.6077638,203.5788105,220.9111119,251.320152,80.40104153,83.90699018
Finland,0,0,0,0,0,18.514945,23.80775,46.70399,65.4784,91.440733,106,95.759995,108,97.178133,49.415206,50.871545,74.044213,77.741461,105,70.851071,62.883601,101,103,77.051125,66.89375,74.258863,146,235,375,444,473,491,477,526,666,692.6239676,714.5076808,806.0867838,959.168579,865.0539413,894.0363171,755.5717041,862.4284094,973.2433722,907.0354382,806.33344,804.362688,832.4862712
France,0,0,0,0,0,628,653,1261,1578,1917,1441,1279,1342,1279,1262,1391,2022,2469,3424,3221,4034,4618,5212,5032,3955,4636,4540,9745,10024,9306,8610,9191,10368,11351,12260,14212.23229,15528.85291,17589.39055,20085.32931,19649.12483,19903.16886,22927.27576,22674.44452,24406.33351,25351.15715,23765.70061,24373.08243,24519.32093
French Polynesia,0,0,0,0,0,0,0,0,0,0,0,0,0,0,0,0,0,0,0,0,0,0,0,0,0,0,0,0,0,0,0,0,408.205361,508.323615,597.973117,557.2706203,621.8617899,688.7618775,763.053748,727.7572459,650.7444406,722.3746283,633.4875349,652.0713432,657.6954282,657.6954282,657.6954282,685.4834317
Gabon,0,0,0,0,0,0,0,0,0.088630537,0.094019582,0.047330656,0.1840052,0.060863115,0.28866388,0.091542258,0.13355207,0.23100963,0.299464392,0.13429659,0.15673573,0,0,0,0,0,4.47161583,5.7276631,6.1456026,5.5631666,4.2472043,6.0507634,5.3639747,2.8465331,5.9893291,6.8523644,11.02815417,0,0,0,0,0,0,0,0,0,0,0,0
"Gambia, The",0,0,0,0,0,0,0,0,0.34520035,0.49247629,0,0,0.1878131,0.70113613,0,0,0,0,0,0,0,0,0,0,0,0,0,0,0,0,0,0,0,54.06983939,60.74874891,59.30408754,63.77351735,55.66254037,64.81155898,79.80115312,115.699061,107.909707,140.9910519,180.6927071,137.7712094,135.9638753,207.3692038,212.3796715
Georgia,0,0,0,0,0,0,0,0,0,0,0,0,0,0,0,0,0,0,0,0,0,0,0,0,0,0,0,284,373,360,209.5471874,221.5724478,230.8153635,235.9619013,302.9209618,446.0053986,627.3487795,883.065426,1065.021296,1111.619713,1183.93575,1547.27444,1770.115175,1945.284852,1986.474923,1458.741312,1520.78528,1641.0549
Germany,0,210.2290089,246.2700535,313.7011127,357.3786288,420.2120346,450.2091277,535.8796503,731.868344,848.8293378,2380.490025,2122.568011,2230.32149,2121.863023,1964.053677,2018.489955,2778.150473,3586.776088,3839.278991,3753.973758,4878.028354,4824.468226,4923.352298,4392.084641,4405.304581,4526.027927,4345.247601,3856.853492,4266,4334,3639.925884,3931.310668,4686.181059,5779.678729,6580.566499,6867.13263,7482.28688,9769.923181,10973.97238,12333.26247,12791.62912,16608.96865,15898.4165,16343.35919,17364.69046,16132.50092,16683.18353,16282.78712
Ghana,0,0,0,0,0,0,0,0,0,1.27274,0.9,1.4,1.5,0.5,4.7,4.2,0.6,0.7,6,6,6,6.2,7.3,10.1,15.7,17.2096,27.5,26,29.5,30.7,32.3968,45.90912,43.52,65.100096,82.3712,99.184576,105.253248,117.363712,126.104704,114.45568,135.85216,2134.638607,2155.495,1863.99,2007.83148,2100,2100,2190.3
Greece,0,0,0,0,0,0,805,940,989,1184,1123,1172,1144,964,945,807,967,1403,1742,1387,1822,2178,2535,2655,2890,3284,3075,3066,0,2287,2191,2013,1658,1561,1242,1220.10704,1542.622996,2483.721084,2686.635043,2020.323913,1499.203153,1186.193538,681.2267482,804.7520942,734.7116147,428.809248,331.496512,345.8790321
Greenland,0,0,0,0,0,0,0,0,0,0,0,0,0,0,0,0,0,0,0,0,0,0,0,0,0,0,0,0,0,0,0,0,0,0,0,0,0,0,0,0,0,0,0,0,0,0,0,0
Grenada,0,0,0,0,0,0,0,0,0,0,0,0,0,0,0,0,16.77777771,22.33333319,23.51851926,16.85185195,17.97407409,8.277777778,8.596296278,18.35925918,26.15925978,37.75555619,41.27777841,41.34444444,42.38148215,44.48148204,46.37407482,46.71481463,47.56296304,48.56723674,72.19259204,26.83611111,28.44318888,28.62493555,28.85032444,27.65259518,28.47510223,28.94881296,29.29435296,29.64588518,29.64588518,29.64588518,29.64588518,30.32892892
Guam,0,0,0,0,0,0,0,0,0,0,0,0,0,0,0,0,0,0,0,0,0,0,0,0,0,0,0,0,0,0,0,0,0,0,0,0,0,0,0,0,0,0,0,0,0,0,0,0
Guatemala,0,0,0,0,0,0,0,14,21.6,23.6,26.2,24.5,10.7,3.9,3.4,1,0.7,0.1,45.7,85,119.1,178.9,230.9,240.5,284.9,358,375,408,457,466,595.8,633.414702,1600.80018,2150.4552,2631.5,3066.6,3700.1,4236.2,4459.834145,4019.356531,4231.75098,4523.7585,5030.649507,5379.0668,5837.974286,6572.785168,7468.599808,8678.512977
Guinea,0,0,0,0,0,0,0,0,0,0,0,0,0,0,0,0,0.07,0.07,26.71,0,0,0,0,0,0.49,0.74,1.072,1.48,4.98,6.015879,1.166455,8.7158703,15.19,111,41.64,41.57,29.5,15.07,61.52,52.03,46.26,64.5,66.3,93.01,121.4258532,130.582308,52.17078,55.36367292
Guinea-Bissau,0,0,0,0,0,0,0,0,0,0,0,0,0,0,0,0,0,0,1.5,1.2,1,0,0,0,0,0,2,2,0,0,0,10.02812257,17.63157561,23.1262775,27.69907394,19.89883208,25.51970243,43.03026935,49.46055225,48.85041382,45.89027796,52.11012037,45.63518442,63.78768442,92.4196765,84.952814,93.27818977,113.7061133
Guyana,0,0,0,0,0,0,0,0,0,0,0,0,2.3,1.1666667,2.6098951,0,0,0,0,0,0,0,1.02,1.21,1.34,1.7,14.6,15,14,20.5,27.3,22.3,51,99.3,153,201.289,218.076,278.496,273.8960143,262.0658459,367.8054063,412.2,469.2584055,328.1526585,329.6581049,293.505504,293.505504,302.8017895
Haiti,0,17.9,22.579917,22.54,21.659982,59.22,74.7,75.02,76,84.78,106,127,97.04,89.88,90,95.78,105,113,124,123,0,0,0,0,0,0,0,0,327,422,578,624,676,811,932,986.154,1062.869,1222.089,1369.753973,1375.546872,1473.804721,1551.366394,1612.32605,1780.995274,1977.033926,2195.560192,2358.65344,2462.354412
Honduras,0,0,0,0,0.8,0.75,0.85,1.05,1.25,1.5,1.6,1.75,1.5,1.8,1.95,2.1,2.1,33.7,41.8,48.6,62.9,82.6,112,63.8,89,124,156.9,190,225,328.3,483.86176,623.02847,817.83103,883.125851,1177.153862,1805.19492,2337.19181,2613.644663,2821.344123,2477.339131,2617.906839,2810.592536,2920.369783,3098.239342,3369.514367,3666.201216,3863.740032,4010.063045
"Hong Kong SAR, China",0,0,0,0,0,0,0,0,0,0,0,0,0,0,0,0,0,0,0,0,0,0,0,0,0,0,0,0,154,131,136,153,121,120,240,296.7611893,294.0336324,316.8666901,355.347245,347.7924469,339.5693689,351.6385093,366.8152673,360.2375414,372.4490601,386.75056,399.492896,411.025011
Hungary,0,0,0,0,0,0,0,0,0,0,0,0,0,0,0,0,0,0,0,0,0,0,0,0,0,151.6325405,168.755784,213.7941088,220.5541429,213.4162467,281.1500607,295.7706147,279.4002196,294.9699458,1722.044024,1912.955034,2073.375397,2308.786595,2522.151761,1747.486765,2069.110166,2785.122682,3529.872875,4592.395403,4711.348459,4417.525824,4609.248768,4346.521588
Iceland,0,0,0,0,0,0,1.4,1.7,1.8,1.7,1.5,3.1,1.2,2.3,6.8,5.1,7.6,14.7,22.4,30.2,62.259349,65.318411,63.823406,57.867331,47.5066575,62.606614,73.5541746,69.67253,75.7703022,85.230225,87.594032,74.369699,73.379312,96.35666,112.112754,61.83390857,80.26136065,109.9838856,120.0478981,93.98223837,135.4558919,150.8072149,157.0923849,188.5411356,212.7140338,205.951135,245.50384,297.5506541
India,0,0,0,0,0,430,642.5630151,934.6857809,1160.605841,1440.622423,2761.280685,2301.890115,2621.913836,2662.479622,2293.065837,2472.285487,2243.01388,2663.469748,2316.724191,2609.857302,2381.874273,3294.230746,2896.017624,3527.473412,5854.940053,6223.99706,8763,10334.31041,9476.716424,11122,12845,14229,15707,21015,18753,22125.08948,28333.64228,37216.75528,49977.27692,49203.91201,53479.96008,62499.07545,68820.51784,69970.36085,70388.6428,68909.69165,62744.36429,65379.62759
Indonesia,0,0,0,0,0,0,0,0,0,0,0,0,0,10,53,61,71,86,99,167,166,130,229,346,449,651,796,725,958,1110,1190,1050,1260,1490,1866,5419.620729,5722.357517,6174.34,6794.200933,6792.90728,6916.051073,6923.970511,7212.196578,7614.41934,8551.164469,9659.169024,8976.778128,8662.590894
"Iran, Islamic Rep.",0,0,0,0,0,0,0,0,0,0,0,0,0,0,0,0,0,0,0,0,0,1200,1196,1500,1200,1600,658,400,680,508,536,682,851,1178,1032,1032,1032,1115,1115,1072,1181,1330,1330,1330,1330,1330,1330,1370.929567
Iraq,0,0,0,0,0,0,0,0,0,0,0,0,0,0,0,0,0,0,0,0,0,0,0,0,0,0,0,0,0,0,0,0,0,0,0,711.1,388.9,3.1,70.9,152,176.7,223,271,271,729.4,1004.499968,986.399968,1022.839557
Ireland,0,0,0,0,0,0,0,0,0,0,0,0,0,0,0,0,0,0,0,0,286,278,322,297,324,347,362,314,274,295,252.398509,243.712355,316.062409,337.333743,413.851843,512.5706056,539.1373828,589.5199921,633.2863872,572.7767369,658.1631447,755.493768,705.7767295,723.8504889,719.2768794,601.15904,594.067904,577.8215196
Isle of Man,0,0,0,0,0,0,0,0,0,0,0,0,0,0,0,0,0,0,0,0,0,0,0,0,0,0,0,0,0,0,0,0,0,0,0,0,0,0,0,0,0,0,0,0,0,0,0,0
Israel,72,140,190,178,130,101,72,106,194,335,421,532,281,243,253,209,448.9,614,542,784,812,877,1161,1264,1605,701,640,665,446,486,400,499,410,423,715,376.9,488.8,579.7,628.4,507,571.5,594.6,684.9,764.8,859,853.100032,963.4,859.3528
Italy,1232,1367,1552,1461,1214,1602,1402,2159,3000,3705.629641,4013.289914,3532.878757,3532.851781,3388.87576,3273.737509,3237.461021,4397.046682,4462,4826,5076.382833,5067.827377,3696.776168,2968.98603,2668.407422,2418.087323,2360.175691,2585.365529,2280.123398,2121.153884,1997.269595,1935.783418,2270.680825,2261.821908,2144,2176.175636,2318.103145,2555.838554,3062.875098,7355.322875,7035.548241,7977.0476,8725.598965,9169.473908,9327.57031,10086.6923,9517.018368,9712.828672,9479.720784
Jamaica,0,0,0,0,0,0,88.5,81.7,69.1,89.9,95.5,107,111.1,84.2,73.9,145.5,111.5,120.5,153.9,208.3,228.5,181.7,215.9,239,522.2,652.8,714.6,729.5,757.9,790,892.2,1058.7,1259.7,1398.8,1627,1761.628767,1923.735274,2122.091021,2156.589501,1889.494348,2026.445825,2105.60676,2166.883117,2171.887542,2268.785014,2361.233984,2433.42288,2487.81009
Japan,0,0,0,0,0,0,0,90,130,160,140,190,210,180,210,0,0,0,0,0,0,508,582,777,874,1150,1228,1346,1239,1109,1374,1987,1821,1079,930,904.9812407,1176.98848,1383.930644,1732.378922,1594.532178,1684.468955,2131.729226,2539.577665,2363.853398,3733.912542,3325.097824,3818.90888,4853.833186
Jordan,0,0,20.719977,44.739207,74.82342,167,411,470,521,601,794,1030,1080,1110,1240,1020,1180,938,895,627,499,448,844,1040,1090,1437,1698,1824,1621.100141,1753.588152,1845,2011,2142,2200,2332,2420.874471,2793.93512,3326.376298,3510.160302,3465.211267,3622.957747,3683.943663,3848.30986,5342.816901,6369.71831,5348.310048,4374.647776,4457.766084
Kazakhstan,0,0,0,0,0,0,0,0,0,0,0,0,0,0,0,0,0,0,0,0,0,0,0,0,0,116,89.1,59.5,72.3,64,121.80244,171.272733,204.560833,147.19779,166.377331,62.02192133,83.58986995,142.991414,125.5705473,198.2011876,225.5562342,179.7082907,178.137977,206.9626894,228.5334382,194.496976,275.390912,296.9907682
Kenya,0,0,0,0,0,5.7195825,7.1709048,3.624694,12.6788898,17.6581326,12.9376787,7.40536197,7.04978109,5.70934196,5.82771809,6.329069,10.04576576,10.51384672,12.05830794,11.2286,7.85519671,3.83890183,83.496723,0,71.364121,87.497853,87.542881,507,532,585,0,50.914426,57.14348,65.845295,376,424.9910459,570.459274,645.2078714,667.317334,631.4608832,685.7572724,934.1491571,1211.021406,1304.277242,1440.846022,1561.429807,1739.228554,1810.536925
Kiribati,0,0,0,0,0,0,0,0,0,0,0,0,0,0,0,0,0,0,0,0,0,0,0,0,0,0,0,0,0,0,0,0,0,0,0,0,12.09347788,12.93046806,13.30645374,13.1833828,14.92496039,16.25777943,16.90507297,17.20210398,16.77737716,16.095636,17.4751795,18.24890007
"Korea, Dem. Rep.",0,0,0,0,0,0,0,0,0,0,0,0,0,0,0,0,0,0,0,0,0,0,0,0,0,0,0,0,0,0,0,0,0,0,0,0,0,0,0,0,0,0,0,0,0,0,0,0
"Korea, Rep.",0,0,0,0,0,0,47,103,105,101,563,690,784,921,946,1158,1738,2075,2510,2187,2412,2674,2932,2889,3085,3494,3635,4366,5596,4707,4862,4836,5530,6301.1,6573.6,5178.4,4826,5129.7,6952.4,5982.3,5835.7,6582,6571,6455.4,6550.5,6443.999808,6393.399808,5990.61562
Kosovo,0,0,0,0,0,0,0,0,0,0,0,0,0,0,0,0,0,0,0,0,0,0,0,0,0,0,0,0,0,0,0,0,0,0,624.200244,701.3111474,770.7821879,918.6773126,1042.304236,1055.270314,996.9100064,1121.647885,1059.029272,1121.797308,1098.612377,971.064928,985.598208,879.1536015
Kuwait,0,0,0,0,0,0,0,0,0,0,0,0,0,0,0,0,0,0,0,0,0,0,0,0,0,0,0,0,0,0,0,0,0,0,0,0,0,0,0,0,4.808113945,5.63545626,2.613869436,4.224467043,3.839517358,34.265896,3.99208375,4.104119994
Kyrgyz Republic,0,0,0,0,0,0,0,0,0,0,0,0,0,0,0,0,0,0,0,0,0,0,0,1.785,1.002,1.243,2.44,2.74,24.696,18.4773,8.844515,11.1137288,36.716599,78.157082,188.6151,313.2502583,473.0719157,704.0046678,1223.272673,981.9640025,1266.195469,1708.694028,2031.374213,2277.998114,2242.827292,1687.702016,1994.608,2541.130592
Lao PDR,0,0,0,0,0,0,0,0,0,0,0,0,0,0,2.8,3.5,3.7,3.5,6.7,8.3,10.9,10.4,10.8,12.1,10,22.1,45.4,40.8,50,0.6,0.66,0.694575,0.72930375,0.76576894,0.80405738,0.83,4.237233,6.203732835,17.77460343,37.57633507,41.77422463,110.2978131,58.51687941,59.62604031,40.11364251,92.998444,116.384099,122.6097103
Latvia,0,0,0,0,0,0,0,0,0,0,0,0,0,0,0,0,0,0,0,0,0,0,0,0,0,0,40.771,45.709,49.4,48.6,72.3,112.4,138.2,173.6,229.7,381,1645.622939,1812.045997,1920.347682,1585.326208,1257.655513,1504.752733,1499.129508,1604.500701,1560.244822,1354.255616,1269.26784,1142.341056
Lebanon,0,0,0,0,0,0,0,0,0,0,0,0,0,0,0,0,0,0,0,0,0,0,0,0,0,0,0,0,0,0,0,0,2540.011535,4739,5589,4924.310615,5202.23775,5769.24,7180.59,7558.138454,6914.055025,6913.472231,6671.241574,7566.589341,7190.794585,7480.817088,7615.622016,7867.848119
Lesotho,0,0,0,0,0,122,138,165,177,213,263,291,348,378,323,224,255,353,372,365,428,437,455,401,320,410.7860041,387.5878137,378.8172813,295.1425627,275.693138,477.7335402,401.9760365,389.8568482,556.5137227,627.2099495,599.3576767,613.8628044,638.1519243,575.8592323,547.9266099,610.1288135,649.3349509,554.5682723,462.9188228,392.9943391,370.8295173,343.655836,366.7778106
Liberia,0,0,0,0,0,0,0,0,0,0,0,0,0,0,0,0,0,0,0,0,0,0,0,0,0,0,0,0,0,0,0,0,0,0,58.4468764,31.85495565,78.81494228,61.97717809,58.12223158,25.11690434,31.4427773,359.9938426,515.79,383.4125,505.6650907,640.78006,548.7835686,574.0753931
Libya,0,0,0,0,0,0,0,0,0,0,0,0,0,0,0,0,0,0,0,0,0,0,0,0,0,0,0,0,0,0,9,10,7,8,10,15,16,0,0,0,0,0,0,0,0,0,0,0
Liechtenstein,0,0,0,0,0,0,0,0,0,0,0,0,0,0,0,0,0,0,0,0,0,0,0,0,0,0,0,0,0,0,0,0,0,0,0,0,0,0,0,0,0,0,0,0,0,0,0,0
Lithuania,0,0,0,0,0,0,0,0,0,0,0,0,0,0,0,0,0,0,0,0,0,0,0,0.034529883,0.7430721,1.095,2.575,2.9275,3.425,2.995,49.9425,79.15,109.248046,114.833999,325,745.4049938,994.037928,1433.362397,1565.411911,1239.061609,1673.400029,1954.156533,1507.646705,2060.015202,2112.631129,1372.314992,1279.67152,1151.704368
Luxembourg,0,0,0,0,0,0,0,0,0,0,0,0,0,0,0,0,0,0,0,0,0,0,0,0,0,730,711,649,657,652,579,577,810.0426035,1022.359862,1135.330068,1198.976815,1346.732498,1472.94429,1630.100567,1657.324662,1653.251139,1772.838181,1673.186555,1838.336783,1859.730718,1635.390464,1619.953536,1667.431716
"Macao SAR, China",0,0,0,0,0,0,0,0,0,0,0,0,0,0,0,0,0,0,0,0,0,0,0,0,0,0,0,0,0,0,0,0,208.620167,160.740741,355.334689,53.15023934,55.46511219,54.38582193,51.59891344,48.38180927,46.85350875,48.29270878,46.90705918,48.6590782,48.13075147,57.062712,57.062712,58.93612631
"Macedonia, FYR",0,0,0,0,0,0,0,0,0,0,0,0,0,0,0,0,0,0,0,0,0,0,0,0,0,0,67.78,77.69,63.237639,76.537013,80.92099,73.439228,105.902711,173.921649,212.952027,226.568479,266.556404,345.010224,406.625951,381.153563,387.931157,434.124447,394.153574,376.0682169,366.518601,306.656776,291.115104,280.3438452
Madagascar,0,0,0,0,0.41544845,0.46660925,0.71144715,0.32562849,0.398838937,0.04700997,0.37864669,0.22080708,0.11437204,0.11615773,5.6360743,4.5737402,5.8698216,4.6482772,4.02954524,9.7415709,7.8707133,13.13093882,15.21486427,13.54385906,12.7439583,13.80569271,11.32409501,12.18452,11.462127,11.621995,11.270073,10.871296,29.323596,16.2315477,11.5066542,115.167526,174.9310645,301.2065415,374.7083699,337.5006022,547.0348228,398.3710758,396.720889,427.4809353,286.1696052,272.247178,250.46626,258.7944588
Malawi,0,0,0,0,0,0,0,0,0,0,0,0,0,0,0,0,0,0,0,0,0,0,0,0,0.76690584,0.52343203,0.64735419,0.74494464,0.74688672,0.74688391,0.74688621,0.74688597,0.84369359,13.91215875,18.32101659,22.53192865,14.78986442,21.013554,16.67417529,16.65687403,21.76754464,25.32029252,28.30338041,34.1321862,38.48724701,34.44282463,34.44282463,36.98488811
Malaysia,0,0,0,0,0,4.1774875,3.9345681,4.0629211,4.3177116,4.5694615,0,0,0,0,0,0,0,48.81653,99.664603,139,185,130,153,176,119,116,164,194,190,323,342,367,435,571,802,1116.97256,1365.476253,1556.236305,1329.07085,1130.872358,1102.925378,1211.496096,1293.805738,1423.370252,1579.517557,1643.720832,1584.904064,1483.470204
Maldives,0,0,0,0,0,0,0,0,0,0,0,0,0,2.5,2.5,0,1,1,1.2,1.4,1.7,1.8,1.6,1.3,2.1735818,2.365779,2.7077561,2.4520765,2.45,2.1968549,2.1968549,1.8231188,2.0121921,2.0121921,2.9000923,2.25725,2.8,7.934160761,6.265651333,4.510691347,3.15919848,2.997538939,3.147415886,3.304786681,3.470026015,3.64352725,3.82570375,4.082321651
Mali,0,0,0,0,0,23.307043,17.744261,26.497917,44.315268,54.061259,59.399974,47.657347,39.408867,36.476617,32.497502,66.998623,68.436604,88.175628,73.225215,75.954137,107,93.014383,117,126,103,112,110.4670003,91.724875,84.462836,86.3083888,73.163955,88.1672644,138.159443,153.932889,155.386455,177.1860562,211.8418344,343.9211855,430.9909221,453.7404076,472.745534,784.1080106,827.4643408,894.509061,920.264926,920.264926,936.8296946,1058.617555
Malta,0,18.1770157,17.8207963,19.5229535,18.67793102,21.8304675,32.2249953,36.2293819,26.4671541,28.7332272,35.0291432,28.1871645,39.3067934,42.7795947,36.8736233,34.7433154,45.8024003,46.0213707,51.6840118,70.0158536,58.211397,42.017989,30.4900866,25.4545426,23.5472445,19.1483453,19.9225661,16.5443812,20.6842668,27.1669002,19.9737995,14.19049591,23.35592741,26.80820122,31.1396254,33.522637,208.715844,229.3259889,264.4894507,259.6931065,229.6222551,226.9763641,200.1799853,201.3738315,252.7156972,225.565696,218.763036,221.7062909
Marshall Islands,0,0,0,0,0,0,0,0,0,0,0,0,0,0,0,0,0,0,0,0,0,0,0,0,0,0,0,0,0,0,0,0,0,0,0,23.74331399,25.99330122,25.14195953,23.06484528,23.58655116,22.21493355,22.14527141,23.2367982,24.55543491,26.0815493,26.0815493,26.0815493,27.0739493
Mauritania,0,0,0,0,0,0.4407918,0.42201356,0.30710453,0.56322773,2.3533257,5.5756313,3.7063239,2.3179821,1.2223675,0.9560629,0.79133424,1.8554622,6.7002053,9.3009866,4.7801953,13.708147,11.739462,50.134011,2.2681024,4.8958123,5.4481705,4.3651999,2.6933884,2.2071795,0,0,0,0,0,0,0,0,0,0,0,0,0,0,0,0,0,0,0
Mauritius,0,0,0,0,0,0,0,0,0,0,0,0,0,0,0,0,0,0,0,0,0,0,0,0,118,132,160,168,180,178,177,215,215,215,215,215,215,215,215,211,226,249,249,249,249,249,249,249.9776361
Mexico,0,0,0,0,0,0,0,0,0,177,1039,1220,1226,1391,1564,1619,1771,1987,2442,2790,3096,3026,3700,3977,4127,4365,4945,5551,6504,6649,7522,10150,11030,16620,19830,22741.84092,26542.81153,26879.86316,26041.48918,22075.735,22080.25916,23588.48006,23365.99096,23432.84411,24802.08133,26233.17235,28670.1143,30533.67173
"Micronesia, Fed. Sts.",0,0,0,0,0,0,0,0,0,0,0,0,0,0,0,0,0,0,0,0,0,0,0,0,0,0,0,0,0,0,0,0,0,0,0,0,0,0,0,17.3496,18.0667,19.428,20.8033,22.0466,23.3387,23.3387,23.3387,24.02217827
Moldova,0,0,0,0,0,0,0,0,0,0,0,0,0,0,0,0,0,0,0,0,0,0,0,0,0,1.02,87.17,114.41,124.31,112.06,178.6,243.32,324.15,486.61,704.87,915.08,1175.82,1491.26,1888.02,1198.63,1351.43,1813.11,1986.44,2191.7,2075.92,1540.12,1464.929984,1560.292859
Monaco,0,0,0,0,0,0,0,0,0,0,0,0,0,0,0,0,0,0,0,0,0,0,0,0,0,0,0,0,0,0,0,0,0,0,0,0,0,0,0,0,0,0,0,0,0,0,0,0
Mongolia,0,0,0,0,0,0,0,0,0,0,0,0,0,0,0,0,0,0,0,0,0,0,0,0,0,0,0,0,5.5,7.2,12,25,56.31215,129,202.1,180.36,181.39,178.0297,224.5952472,199.6186943,266.2425606,279.4250565,320.3595508,255.7322814,255.121827,260.910764,259.876364,271.5708004
Montenegro,0,0,0,0,0,0,0,0,0,0,0,0,0,0,0,0,0,0,0,0,0,0,0,0,0,0,0,0,0,0,0,0,0,0,0,0,0,196.4612556,298.0913121,302.9155694,301.0521647,343.3912579,332.6111013,423.399012,431.2700973,381.192072,396.160136,403.2910184
Morocco,0,0,0,0,0,533,547,589.6661714,762.959999,948.5129344,1050.254023,1010.386675,849.3320592,916.8437248,873.9295081,972.3664627,1401.318038,1591.674796,1301.218153,1340.117811,2010,1990.114856,2170,1960.107542,1830.325991,1970,2170,1890.524818,2010.104119,1940.20399,2160.056467,3260,2880,3610,4220,4589.22682,5451.371055,6730.472441,6894.287729,6269.117561,6422.54153,7256.310892,6507.905288,6881.69996,7735.661293,6903.543808,7087.744,7087.744
Mozambique,0,0,0,0,0,0,0,0,0,0,53.4,64.5,63.5,75.2,57,40.8,50,58,71.6,71.3,70.4,55.6,58,59.6,54.8,59.1,61,63.6,46.3,38,36.8,41.817002,52.554812,69.478279,57.5185175,58.89188544,80.03249216,99.38583574,115.7439721,111.1252632,115.7772345,129.6697695,174.1074242,152.4109987,155.4649659,142.879136,93.372688,93.83955144
Myanmar,0,0,0,0,0,0,0,0,0,0,0,0,0,0,0,0,0,5.9086543,6.7716665,9.1856729,5.9106277,1.5368464,0.27696714,28.245712,41.563739,80.575033,123,147,136,135.053918,102.152605,116.158175,105.385646,84.412132,116.573116,129.4889279,115.1681641,81.00905789,54.74402017,54.47203222,114.8548493,127.0759811,274.6160617,1643.883378,278.9637861,386.78352,681.772284,714.0967866
Namibia,0,0,0,0,0,0,0,0,0,0,0,0,0,0,0,0,0,0,0,0,13.4502068,13.79777389,15.70819679,14.5360331,14.8980582,15.6048176,13.5136733,13.3030621,11.2150531,10.22924866,9.45058455,8.81553124,7.95958546,12.21671814,15.2368352,17.56157906,16.43286947,15.70373416,13.55094135,13.22362227,15.12060016,15.29414384,13.4893979,11.47930933,10.19231273,8.71227325,2.246847602,2.39916643
Nepal,0,0,0,0,0,0,0,0,0,0,0,0,0,0,0,0,0,0,0,0,0,0,0,54.825104,50.118518,56.822667,44.160126,49.458058,67.504903,83.46278,112,147,678.45664,770.676409,823.018911,1211.823253,1453.231426,1733.858518,2727.140487,2983.336877,3464.092682,4216.89401,4793.440977,5588.903439,5888.694718,6729.935776,6606.795584,6342.523761
Netherlands,133.127072,202.90266,262.29102,367.420745,347.992127,334.594415,328.62188,401.019655,446.501801,551,604.686163,556,656,567,492.711277,502,626,754,814,769,710,673,792,902,984,1359,1757,1495,1464,1976,1158,1358,1215,2025,2163,1259.338276,1551.953525,1630.452207,1649.09669,1711.771108,1720.438527,1787.607429,1640.722992,1618.666631,1540.68302,1364.873648,1413.425072,1459.706937
New Caledonia,0,0,0,0,0,0,0,0,0,0,0,0,0,0,0,0,0,0,0,0,0,0,0,0,0,0,0,0,0,0,0,0,332.7114091,448.5208656,493.095264,512.2328021,537.0603656,491.186424,544.2223829,509.3500106,491.8445068,594.2385099,715.0084599,724.2344895,728.302622,728.302622,728.302622,748.2657966
New Zealand,0,0,107.568,156.077778,162.146464,157.393805,127.377279,144.029144,155.180393,207.03258,256.482122,259.732821,294.305621,301.19962,275.441216,255.97804,304.173717,380,492,585,761,651.114668,602,833,1160,1650,2042,1010,259,258,236,841,1150,1070,958,352.0359378,334.6843355,383.6528922,421.3630245,331.0414145,370.5029453,455.3163556,461.7825642,459.2391084,462.2697989,420.525888,420.13136,439.3144385
Nicaragua,0,0,0,0,0,0,0,3.9,4.1,4.5,0,0,0,0,0,0,0,0,0,0,0,0,10,25,50,75,95,150,200,300,320,336,377,439,519,615.7,697.5,739.6,819.9,770.3,824.8,913.6,1016.3,1081.3,1140.2,1197.500064,1268.099968,1410.127164
Niger,0,0,0,0,4.2915662,7.7876787,6.2900059,6.4474195,8.4863739,8.6498015,11.2836285,9.1818595,7.133157,6.8387097,7.4584055,8.9836028,15.9656534,16.13114843,15.69927182,13.23163094,13.89088939,13.01988673,18.17207807,15.8707415,6.9037601,7.7051229,4.49807265,5.3352123,18.7828908,26.628265,14.424638,21.9729248,18.9658877,25.481748,59.712108,66.36988504,78.10818994,79.35037724,93.72601031,101.7162102,134.2925214,165.9347804,151.843055,145.8707686,218.7888926,171.517264,181.6367826,209.4272103
Nigeria,0,0,0,0,0,0,0,20.164384,3.1482578,8.2780446,21.9466337,16.1888739,17.8183966,13.8043402,11.7412625,10.069659,3.9896884,2.7390184,2.4245274,10.183666,10.00854,65.544714,56.448404,793,550,804,947,1920,1570,1300,1390,1170,1210,1060,2270,14640.08435,16932.36344,18011.29667,19205.91345,18368.32938,19744.68609,20616.89198,20542.95936,20797.13235,20829.17362,21059.70059,20112.09782,22344.54067
Northern Mariana Islands,0,0,0,0,0,0,0,0,0,0,0,0,0,0,0,0,0,0,0,0,0,0,0,0,0,0,0,0,0,0,0,0,0,0,0,0,0,0,0,0,0,0,0,0,0,0,0,0
Norway,0,0,0,0,0,8.0546534,8.8005542,66.1827593,67.9835925,73.0670508,101.64156,125.4891565,106.602182,101.2343238,101.051979,105.437133,110.845806,135.225413,137.8908815,140.718736,157.838426,173.833775,190,166,170,239,309,289,301,288,270,279,333,392,465,505.278425,528.8330996,616.6765148,684.9709504,631.4712713,679.9715403,764.9941899,766.529947,791.457692,759.9475904,608.942464,593.129472,614.7470427
Oman,0,0,0,0,0,0,0,0,28.95194,32.715692,34.742328,40.532716,43.42791,43.42791,43.428224,43.428538,39.268875,39.011704,39.011704,39.011704,39.011704,39.011704,39.011704,39.011704,39.011704,39.011704,39,39,39,39,39,39.011704,39.011704,39.011704,39.011704,39.01170351,39.01170351,39.01170351,39.01170351,39.01170351,39.01170351,39.01170351,39.01170351,39.01170351,39.01170351,39.011704,39.011704,39.59671753
Pakistan,0,0,0,0,0,0,412,872,1310,1500,2050,2070,2590,2940,2580,2540,2450,2180,1870,2020,2010,1550,1570,1450,1750,1710,1280,1710,1170,996,1080,1460,3550,3961,3942,4280,5121,5998,7039,8717,9690,12263,14007,14629,17244,19305.99955,19761.00006,19800.52206
Palau,0,0,0,0,0,0,0,0,0,0,0,0,0,0,0,0,0,0,0,0,0,0,0,0,0,0,0,0,0,0,0,0,0,0,0,1.474978694,1.5421848,1.52949647,1.604639526,1.590526341,1.68546137,1.967273556,2.360256649,2.359934249,2.218252449,2.273734094,2.273734094,2.336431016
Panama,0,0,0,0,0,0,0,104,121,136,65.2,61.7,75.5,78.1,74,99,100.4,104.4,102.1,102.1,109.7,108.1,102.4,108.7,112,112,86.2,64.3,58.2,48.3,16.4,73.1,84.6,106.8,108.9,129.6,300.5,355.3,378,337,410,368.2,410.9,451.9,762.7,559.9,505.7,509.2399
Papua New Guinea,0,0,0,0,0,0,13.977521,8.7170796,9.1581786,9.1303078,5.4459088,4.7372664,6.0995138,4.3131426,5.3549688,5.6073132,7.0073068,13.434067,10.012715,7.2273815,5.4364257,21.015235,20.734443,20.446675,19.904488,15.668253,15.166876,13.949214,9.7139407,7.8442464,7.2265074,5.924501,5.6222743,6.9314794,9.5266464,6.866648841,4.416477366,7.587647871,7.370129249,4.754743552,3.493553628,16.95508625,14.25384478,13.85603094,10.44127595,10.4753205,7.142190357,7.529033045
Paraguay,0,0,0,0,0,5.9,7.3,17.5,37.5,36.4,52.1,63.1,41.4,33.2,24,9.6,13.7,22.7,23.9,39.5,33.8,42.4,63.9,94.6,148,287,297,298,286,268,278,264,201.7,223,238,161.3,336,340.786,362.63,377.3,409.885,540.67,634.1,623.28,506.64,553.640384,656.858368,685.0453727
Peru,0,0,0,0,0,0,0,0,0,0,0,0,0,0,0,0,0,0,0,0,87,148,240,289,473,599,597,636,647,670,718,753,705,869,1130,1440.067536,1837.494274,2130.814663,2443.644585,2408.698137,2533.910907,2696.961723,2787.954663,2707.24639,2636.539865,2725.062656,2883.886592,2974.099721
Philippines,0,0,0,0,0,0,0,339,446,556,626,800,1049,1124,718,806,861,1020,1262,1360,1462,1849,2536,2591,3453,5362,4879,6800,5134,6714,6957,8769,9740,10244,11473,13732.55772,14988.30307,15852.63837,18063.64631,19077.71365,20562.88051,21922.20958,23352.20918,25368.84092,28690.7979,29799.39533,31144.63181,32795.29729
Poland,0,0,0,0,0,0,0,0,0,0,0,0,0,0,0,0,0,0,0,0,0,0,0,0,581,724,774,848,1070,825,1496,1563,1683,2281,4724,6471,8486,10468,10475,8174,7659,7712,6989,7400,7409,6782.999808,6712,6838.284659
Portugal,0,0,0,0,0,1124.219393,924.087686,1194.114708,1693.566041,2482.199152,2970.794029,2875.473698,2634.099889,2186.900217,2197.960659,2163.220105,2654.397099,3368,3527,3704,4476,4720,4762,4316,3807,3950,3790.021563,3583.386433,3627.92715,3643.575297,3496.069445,3647.399493,2927.464736,3039.80679,3302.861377,3060.519746,3485.176231,4161.533467,4287.7608,3788.17369,3726.188031,3921.663573,3991.084294,4455.013835,4445.846849,4363.23936,4377.74816,4404.014649
Puerto Rico,0,0,0,0,0,0,0,0,0,0,0,0,0,0,0,0,0,0,0,0,0,0,0,0,0,0,0,0,0,0,0,0,0,0,0,0,0,0,0,0,0,0,0,0,0,0,0,0
Qatar,0,0,0,0,0,0,0,0,0,0,0,0,0,0,0,0,0,0,0,0,0,0,0,0,0,0,0,0,0,0,0,0,0,0,0,0,0,0,0,0,0,573.6263736,803.2967033,574.3956044,498.6263736,437.087904,378.571424,392.0173685
Romania,0,0,0,0,0,0,0,0,0,0,0,0,0,0,0,0,0,0,0,0,0,0,0,0,11,9,18,16,49,96,96,116,143,124,132,4707.91,1160.464158,1624.282412,1702.335818,682.4634912,641.3866145,694.1163834,733.2186175,3518.842653,3381.251955,3085.453952,3484.233152,3587.597552
Russian Federation,0,0,0,0,0,0,0,0,0,0,0,0,0,0,0,0,0,0,0,0,0,0,0,0,4568,2506,2772,2267,1921,1290,1275,1404,1359,1453,2499,3436.552689,3820.38,4666.33,5736.97,5105.06,5250.02,6103.27,5787.73,6750.81,7776.54,6903.389952,6678.01984,7278.744766
Rwanda,0,0,0,0,0,0,0.24739119,1.1778797,2.1678907,4.787133647,3.3812094,3.90085834,7.17816718,3.43413975,2.94314561,2.8643483,4.01868151,4.48020502,3.806522,3.95513465,2.62830622,3.54733882,1.8441288,3.9310297,0,21.126524,0,5.236945,0.009562761,0,6.6262568,7.8500305,7.21,9.615552,9.81,8.869470826,28.99350725,121.4896246,67.79740341,92.61796667,106.4673792,174.2555082,182.4052773,123.0988793,183.5936359,159.1999615,172.5187695,183.5746898
Samoa,0,0,0,0,0,0,0,5.8518403,12.141249,13.45989,18.742386,18.557469,18.627843,20.333983,20.27057,23.827834,28.62114,36.634882,37.70843,40.873201,42.864224,34.80964475,40.03554605,32.27434772,37.4826847,40.5230984,44.2739007,46.5895603,42.0024271,44.67083,0,0,0,0,0.89778037,81.60259052,87.08573427,96.64960741,109.0082264,119.48934,138.5047718,159.5836307,177.695228,164.5834177,140.501951,131.1557635,38.32251069,39.75181291
San Marino,0,0,0,0,0,0,0,0,0,0,0,0,0,0,0,0,0,0,0,0,0,0,0,0,0,0,0,0,0,0,0,0,0,0,0,0,0,0,0,0,0,0,0,0,0,0,0,0
Sao Tome and Principe,0,0,0,0,0,0,0,0,0.29871615,0.596723727,0.77362433,0.9557425,0.712219408,1.096014716,3.2541743,0.277999554,0.085516571,0.070096197,0.063699185,0.157212211,0.31,0,0,0,0,0,0,0.8,0.5,0.56,0.4638,0.55367031,0.79733056,1.8214601,1.1,1.5,1.6,2,3,2,6.363257454,6.881334487,6.35888979,26.56672293,26.82784881,19.98019681,18.04484025,18.30528197
Saudi Arabia,0,0,0,0,0,0,0,0,0,0,0,0,0,0,0,0,0,0,0,0,0,0,0,0,0,0,0,0,0,0,0,0,0,0,0,93.9397309,105.740988,123.5422385,216.1866667,214.4,236.48,243.7333333,245.92,268.7733333,273.304,295.4344,307.548544,323.3971409
Senegal,0,0,0,0,8.51666076,26.31666094,45.99279078,43.06420334,55.6156618,56.2707198,77.0543085,68.192327,66.3103632,58.9661581,53.7581911,79.418966,108.949918,117.822603,117.54309,112.755687,142.067581,162.2478,176.216324,169.725893,113.831891,146.028709,150.4792,150.465322,147.418829,186.355447,233.26164,305.060389,344.795644,510.702994,632.712396,788.8248905,925.2422088,1191.799684,1476.110412,1350.399222,1477.678084,1613.911186,1613.911186,1613.911186,1929.055532,1929.055532,2015.863031,2338.401116
Serbia,0,0,0,0,0,0,0,0,0,0,0,0,0,0,0,0,0,0,0,0,0,0,0,0,0,0,0,0,0,0,0,0,0,0,0,0,0,3764.731402,3544.491743,4648.133641,4117.6313,3960.170944,3548.636717,4025.182959,3695.920471,3370.664944,3204.75504,3387.426077
Seychelles,0,0,0,0,0,0,0,0,0,0,0,0,0,0,0,0,0,0,0,4.2594526,7.50444096,7.32012489,10.76120785,0.2894896,0.29668553,0.50399257,0.70422771,0.21884704,0.11402093,0.18717537,3.15900927,1.79085368,1.97991501,4.85511143,6.80831014,12.10109091,13.26955988,4.768023427,3.161817722,16.12348329,17.37695052,25.26192914,17.66907005,12.87432825,15.07084099,18.4242305,22.0870225,23.19218235
Sierra Leone,0,0,0,0,0,0,0,0,0,0,0.095256453,0,0.080733028,0.053041108,0.079682862,0.039260624,0,0.076375063,0.079965348,0.051828407,0.027072386,0.027764219,0.065673313,0.057801575,0.055902131,23.72143091,25.30083398,6.060933328,20.330605,22.476894,7.1349943,6.56766746,21.8154551,25.88925825,24.71483452,2.435105011,15.62233918,41.97385639,22.57860674,35.89600404,44.21857471,58.81161011,64.53406672,69.66068974,62.43011157,48.1636935,48.1636935,48.99522491
Singapore,0,0,0,0,0,0,0,0,0,0,0,0,0,0,0,0,0,0,0,0,0,0,0,0,0,0,0,0,0,0,0,0,0,0,0,0,0,0,0,0,0,0,0,0,0,0,0,0
Sint Maarten (Dutch part),0,0,0,0,0,0,0,0,0,0,0,0,0,0,0,0,0,0,0,0,0,0,0,0,0,0,0,0,0,0,0,0,0,0,0,0,0,0,0,0,0,54.08379888,55.66480447,72.54748604,62.16759776,55.117318,60.899442,62.98313101
Slovak Republic,0,0,0,0,0,0,0,0,0,0,0,0,0,0,0,0,0,0,0,0,0,0,0,78.525115,48.492442,25.742912,20.7873543,29.1288951,23.82563949,20.11968168,17.87882425,0,24.42709582,425.5018166,529,946.4540768,1342.93528,1661.802195,2050.321508,1670.909895,1591.283863,1752.743846,1927.879306,2071.747804,2394.9623,2137.5656,2119.404672,2178.257073
Slovenia,0,0,0,0,0,0,0,0,0,0,0,0,0,0,0,0,0,0,0,0,0,0,38.3,52.2,273.1,272.1,279.7,241.8,227.9,225.3,205.2,200.8,216.1,237.9,265.6,261.1,279.2735956,320.2690379,380.2583458,329.1798896,347.2990223,489.086201,644.6991673,700.4883533,368.7701868,422.987132,364.305428,349.3689055
Solomon Islands,0,0,0,0,0,0,0,0,0,0,0,0,0,0,0,0,0,0,0,0,0,0,0,0,0,0,0,0,0,2.3562766,4.3231085,4.5280529,3.74344042,3.8811334,8.69649,7.162382821,10.74165257,12.63292702,9.141559768,12.51445731,14.27862493,16.92891105,20.723054,20.64017511,16.33508698,18.587891,20.28272,21.43593376
Somalia,0,0,0,0,0,0,0,0,0,0,0,0,0,0,0,0,0,0,0,0,0,0,0,0,0,0,0,0,0,0,0,0,0,0,0,0,0,0,0,0,0,0,0,0,0,0,0,0
South Africa,15.3999939,15.3782122,16.8723228,15.87827,26.4081255,35.624969,28.75,28.75,43.7,51.122855,67.096895,86.858126,80.451815,73.583472,64.797191,38.708106,35.513609,45.234823,49.695087,88.546224,135.459341,129.072045,119.277254,101.700244,98.765757,105.32436,101.941696,205.895181,283.385911,327.462404,344.042253,297.778008,288.240234,434.567095,522.719624,613.5774324,691.930201,792.3511906,783.6935278,862.0516311,1069.571381,1158.421806,1084.534306,970.6553372,913.4031037,825.253504,755.434048,765.3892637
South Sudan,0,0,0,0,0,0,0,0,0,0,0,0,0,0,0,0,0,0,0,0,0,0,0,0,0,0,0,0,0,0,0,0,0,0,0,0,0,0,0,0,0,0,0,0,0,0,0,0
Spain,0,0,0,0,0,1403.986281,1379.9021,1462.360011,1734.738341,1898.976301,2190,1820,1579,1349,1227,1231.979854,1428.783226,1588.157946,1790.237102,1859.956364,2190.339831,2134,2633,2320,2635,3242,3496,3528,3930,4647,4862,5099,5584,6568,7540,6661.697776,7353.205616,8963.642388,9742.840783,8582.625486,8684.602294,9655.943593,9714.709518,10648.33099,10724.22678,10280.94054,10280.78746,10414.6346
Sri Lanka,0,0,0,0,0,8.562662,12.95768,18.482927,39.031033,60.065424,152,230,289,295,301,292,326,350,358,358,401,442,548,632,715,809.137573,851.3685074,942.3742409,1021.959917,1069.990716,1163.496406,1189.6,1312.01,1433.84,1585.69,1975.536,2166.77,2507.3,2924.5,3336.7,4123.13,5153.01,5999.552324,6422.186627,7036.32655,6999.731312,7257.361392,6669.515119
St. Kitts and Nevis,0,0,0,0,0,0,0,0,0,0,0.79259259,1.1111111,1.1,1.1111111,1.3111111,1.062963,10.51851845,11.30370375,12.16296332,19.20740748,19.28518562,1.4888889,1.4740741,15.1222221,17.60370371,20.22963007,21.18888899,22.45185168,24.64074095,26.0888884,27.09629676,27.80148135,28.59390362,29.93334829,31.30394066,30.26623333,32.83455666,36.12964852,40.09924222,38.80315075,47.03306222,44.67484297,51.04948111,51.57013592,51.57013592,51.57013592,51.57013592,52.87249824
St. Lucia,0,0,0,0,0,0,0,0,0,0,0,0,0,0.68888889,0,0,17.96296333,20.44444446,15.8518515,15.3703704,16.11111143,17.73703734,2.05925927,15.42962939,21.78148127,23.05555514,27.39259276,25.22222246,25.92222216,26.5444446,26.44074084,26.86740706,26.77856596,27.37164469,28.65037058,27.06324815,27.83671482,28.60581852,28.90401481,27.99007,28.99365445,29.4444337,29.78945889,30.14693259,30.14693259,30.14693259,30.14693259,30.64113525
St. Martin (French part),0,0,0,0,0,0,0,0,0,0,0,0,0,0,0,0,0,0,0,0,0,0,0,0,0,0,0,0,0,0,0,0,0,0,0,0,0,0,0,0,0,0,0,0,0,0,0,0
St. Vincent and the Grenadines,0,0,0,0,0,0,0,0,0,0,0,0,0,0,0,0,13.88888923,15.1111111,14.9629627,15.37037033,15.62962959,2.44814812,2.04074077,17.39259302,16.97777801,17.17037021,18.17407378,19.82592577,20.80000017,21.15925882,22.48148153,22.7025926,23.14703692,23.52214072,25.51781849,22.4174963,25.55708148,28.86557408,26.77655926,29.05717445,29.05570074,29.23637851,31.10908112,31.5877074,31.5877074,31.5877074,31.5877074,32.4738132
Sudan,0,0,0,0,0,0,0,40.49291093,68.978427,127.91,262.6,383.671949,133.2210012,275,285,261,113,138,217,417,61.9,45.4,124,75.2,107,346,221.32,419.2,687.1,665,640.6,739.2,977.5,1225.24,1401.72,703.7883857,800.828762,999.71075,1590.626089,1394.395643,1455.537378,824.2209093,595.8432438,619.5088034,506.5568219,151.392014,153.4114615,178.9758113
Suriname,0,0,0,0,0,0,0,3.1,4.7,5.4,6,6.1,4,6,5.9,4.5,1.7,2.1,2.8,2,0.5,4.1,4.6,3.5,0.2,0,0,0.4,0,2.3,0,0.2,15.1,23.5,9.1,3.9,2.1,2.8,2.2,4.6,4.3,7.493784528,8.05749075,7.716417279,8.833808604,6.7055595,1.493543625,1.544699856
Swaziland,0,0,0,0,3.5321284,7.9782801,9.775,12.075,14.26,16.868654,35.311188,39.934128,37.207046,53.047303,52.668057,47.550158,55.010179,78.87886566,94.78912704,109.7244505,113.2803511,108.3259317,110.3856923,82.73757064,77.06858442,82.55196716,75.51328964,83.84010742,78.41221387,70.02178764,56.88541239,52.87645976,44.66932091,65.225296,82.7975803,95.42186976,95.65506859,95.12218316,89.63736606,93.45776262,54.69032385,38.12635481,31.31337386,30.00213222,24.49545161,18.6927855,18.6927855,19.94539938
Sweden,5.7991073,11.70525,12.598646,16.028393,20.272896,26.190417,41.384175,60.505138,48.687912,46.587487,65.987793,67.646599,0.13629301,24.5355355,22.480363,23.34312,18.435109,98.18337,104.32902,127.266343,152.50468,207.152111,232.240829,231.224665,249.495977,287.338085,301.333641,344.863803,126,364,438,579,512,620,677,673.4177179,596.7808012,773.9528546,824.7687004,714.8227491,762.0044712,4175.478082,4069.950425,4466.068101,4558.124525,3363.518912,2854.533568,2935.383255
Switzerland,0,0,0,0,0,0,0,406,537,592,609,443,526.732499,550.796564,495.37105,498.326143,652,779,826,755,924,988,1044,1052,1212,1478,1390,1205,1225,1220,1120,1305,1377,1703,1894,1721.477365,1795.179912,1795.61723,2214.728946,2341.619109,2494.622577,2616.7763,2416.668938,2437.906824,2412.900192,2553.299712,2493.570304,2566.881173
Syrian Arab Republic,0,0,0,0,0,0,0,92.45,636,901,774,436,411,387,321,350,323,334,360,430,385,350,550,352,535,339,313,238,220,198,180,170,135,889,855,823,795,1030.442463,1325.01392,1349.88,1622.53875,1622.53875,1622.53875,1622.53875,1622.53875,1622.53875,1622.53875,1622.53875
Tajikistan,0,0,0,0,0,0,0,0,0,0,0,0,0,0,0,0,0,0,0,0,0,0,0,0,0,0,0,0,0,0,0,0,78.5628,146.0498,252.0255,466.6523,1018.8432,1690.7607,2544.0176,1748.1523,2305.826625,3059.87167,3625.512075,4218.768565,3384.055195,2258.643264,1867.398592,2030.912434
Tanzania,0,0,0,0,0,0,0,0,0.12966721,0,0,0,0,0,0,0,0,0,0,0,0,0,0,0,0,0.84034821,19.318019,1.5862838,11.500423,7.2000089,8.0000148,15.253,12,8.9,13.7984184,19.3663,15.380675,25.4613844,36.81974778,39.82709351,344.2875526,409.5633662,390.1388881,381.9307842,389.484432,387.768422,411.226376,432.8562244
Thailand,0,0,0,0,0,18.45012147,24.0194868,45.04879252,104.4920183,188.4690246,382.8486485,477.4801086,618.3913024,846.0869561,893.0869561,877.7037585,795.647146,841.9855943,927.1977069,943.0787966,973,1020,445,1110,1280,1700,1810,1660,1420,1460,1700,1250,1380,1610,1620,1187.095815,1333.07368,1635.037143,1897.940174,2776.098382,3580.348295,4554.062825,4713.380624,5689.777048,6524.13,5894.680064,6272.839936,6561.390573
Timor-Leste,0,0,0,0,0,0,0,0,0,0,0,0,0,0,0,0,0,0,0,0,0,0,0,0,0,0,0,0,0,0,0,0,0,0,0,0,3.64232226,10.44487788,17.65548151,113.3478538,137.1359476,136.8960019,119.8598078,33.64974671,43.67989514,61.5861,80.1746,86.39466174
Togo,0,0,0,0,4.1170785,4.7687283,7.0851496,8.0267116,9.3327955,7.9587576,9.9347047,7.8643822,6.1136999,6.0776868,6.6093511,15.405232,21.423256,20.04415,21.239006,22.864609,26.874573,28.971286,16.245309,11.71765,15.306067,15.021584,29.371378,26.2597298,18.57100991,22.8618153,34.234287,68.50254,103.212651,148.409487,178.703938,192.5004588,232.1685909,284.4490896,337.0594653,334.5078057,336.5974854,244.1340807,344.7603225,397.3590488,427.2922548,363.59556,351.233311,388.4640419
Tonga,0,0.7937699,0.60790973,2.06216639,4.51393487,6.69457703,5.37444605,5.54187301,0,0,0,0,8.11932029,16.47530957,13.4638391,21.87134413,20.86998076,22.38804374,16.61213321,14.86772389,23.95823651,18.76452535,21.33454367,20.96301337,0,0,0,0,0,0,0,52.532854,66.34505935,60.39431484,69.29126722,68.64168176,78.7504261,100.9960492,93.85471133,72.1267937,77.23958972,78.71880123,117.6210184,120.9931509,80.20191452,80.20191452,80.20191452,83.78448467
Trinidad and Tobago,0,0,0,0,0,2.6269731,1.6421801,1.4166667,1.4166667,1.4166667,6,4.25,4.9166667,4.8333333,3.6666667,3.30612243,0.16666667,2.11111108,1.7170732,3.24705879,3.3882353,5.17647059,6.56470589,19.5473953,26.7851304,31.5074698,28.126253,30.19989,44.567529,54.4,38.100002,40.900002,79.1,86.8,86.9,92.4,91.2,109.4,94.5,109.3,90.9,126.068,126.068,126.068,136.1882102,152.539792,144.417744,148.8615649
Tunisia,0,0,0,0,0,0,142,168,221,283,319,361,372,360,317,271,348,459,498,450,551,525,531,446,629,680,736,685,718,761,796,927,1070,1253,1433,1392.672713,1510.039255,1715.757367,1976.964229,1964.488715,2063.294677,2004.498798,2265.714118,2290.512365,2346.621114,1971.37584,1971.37584,2029.926487
Turkey,0,0,0,0,1430,1310,982,982,983,1690,2070,2490,2140,1510,1810,1710,1630,2020,1780,3063,3250,2820,3010,2920,2630,3330,3540,4200,5360,4530,4560,2790,1940,729,804,887,1833,2096,2439,1834,1819,1883,1881,1901,1739,1395,1186,1142.118
Turkmenistan,0,0,0,0,0,0,0,0,0,0,0,0,0,0,0,0,0,0,0,0,0,0,0,0,0,0,4.42,0,0,0,0,0,0,0,0,0,14.39999962,30.29999924,49.79999924,33.68000031,35.29999924,34.79999924,37.09999847,40,30,16,9,9.784474808
Turks and Caicos Islands,0,0,0,0,0,0,0,0,0,0,0,0,0,0,0,0,0,0,0,0,0,0,0,0,0,0,0,0,0,0,0,0,0,0,0,0,0,0,0,0,0,0,0,0,0,0,0,0
Tuvalu,0,0,0,0,0,0,0,0,0,0,0,0,0,0,0,0,0,0,0,0,0,0,0,0,0,0,0,0,0,0,0,0,0,0,0,4.932020084,3.663470195,5.604763152,5.963465678,4.827112859,3.919900614,4.582719141,3.835897959,4.056908045,4.056908045,4.056908045,4.056908045,4.256601539
Uganda,0,0,0,0,0,0,0,0,0,0,0,0,0,0,0,0,0,0,0,0,0,0,0,0,0,0,0,0,0,233,238,349,442,299,311,321.808493,411,451.5718759,723.5210027,781.0973193,770.789132,816.2318108,913.2641908,940.6643793,887.6113094,902.1575421,1015.710363,1181.728592
Ukraine,0,0,0,0,0,0,0,0,0,0,0,0,0,0,0,0,0,0,0,0,0,0,0,0,0,0,6,12,12,18,33,141,209,330,411,2408,3102,5290,6782,5941,6535,7822,8449,9667,7354,5845.000064,6145.999872,6883.519857
United Arab Emirates,0,0,0,0,0,0,0,0,0,0,0,0,0,0,0,0,0,0,0,0,0,0,0,0,0,0,0,0,0,0,0,0,0,0,0,0,0,0,0,0,0,0,0,0,0,0,0,0
United Kingdom,0,0,0,0,0,0,0,0,0,0,0,0,0,0,0,0,0,1369,1627,1685,2097,2092,2032,1768,1974,2470,2520,2880,2990,3400,3610,4820,4490,5030,5920,1777.672758,6105.706286,6556.335762,5995.100746,5242.981857,4951.404773,5099.003471,4944.716073,4804.502413,4932.330424,5003.393536,4564.740992,4779.341183
United States,0,0,0,0,0,0,0,200,220,230,80,80,80,80,80,80,908,994,995,1020,1170,1300,1800,1820,1940,2180,2180,2270,2440,4250,4400,4510,4570,4670,4730,4795,5068,5219,5364,5740,5930,6104,6303,6613,6503,6561.999872,6546.999808,6605.922806
Uruguay,0,0,0,0,0,0,0,0,0,4.2,0,0,0,0,0,0,0,0,0,0,0,0,0,0,0,0,0,0,0,0,0,0.00603803,36.053,61.753293,69.896167,76.74039,88.933,96.476,107.912,101.073,124.891,128.836,121.7621577,124.4401337,123.7720828,115.839928,115.97364,120.27225
Uzbekistan,0,0,0,0,0,0,0,0,0,0,0,0,0,0,0,0,0,0,0,0,0,0,0,0,0,0,0,0,0,0,0,0,0,0,0,0,897.6199951,1692.900024,3006.780029,2070.51001,2858,4275.700195,5693.299805,6689,5828,3062,2479,2695.079228
Vanuatu,0,0,0,0,0,0,0,0,0,0,0,0,9.35478,7.1451817,8.4680079,8.7351089,8.0225625,8.4627996,8.00955359,7.31944276,8.211443,9.0586209,14.0892563,12.0433719,18.1190572,13.5075748,35.570316,15.528985,21.6072758,25.9658096,34.664645,52.7029,4.097122935,3.995373347,4.930017219,5.097613246,4.989726638,5.543183073,8.906629699,11.49204372,11.76861544,21.76588649,22.03653753,23.71013091,28.12531544,24.07352944,18.86350616,19.20547871
"Venezuela, RB",0,0,0,0,0,0,0,0,0,0,0,0,0,0,0,1,0,0,0,0,1,2,2,2,2,2,4,17,17,17,17,19,19,208,143,148,165,151,137,132,143,138,118,120,128,161,279,288.7533419
Vietnam,0,0,0,0,0,0,0,0,0,0,0,0,0,0,0,0,0,0,0,0,0,0,0,0,0,0,0,0,0,0,1340,1100,1770,2100,2310,3150,3800,6180,6805,6020,8260,8600,10000,11000,12000,13200,11880,13780.8
Virgin Islands (U.S.),0,0,0,0,0,0,0,0,0,0,0,0,0,0,0,0,0,0,0,0,0,0,0,0,0,0,0,0,0,0,0,0,0,0,0,0,0,0,0,0,0,0,0,0,0,0,0,0
West Bank and Gaza,0,0,0,0,0,0,0,0,0,0,0,0,0,0,0,0,0,0,0,0,0,0,0,0,0,581.9,542.3,623.4,1080.620973,1116.562555,1009.922853,1066.196149,1035.471281,572.426901,637.435694,642.9955909,464.0563179,598.5434232,740.7243655,755.2359079,927.1393867,1141.713036,1737.049553,1498.892425,1804.542444,1825.859248,1957.173888,2055.995274
"Yemen, Rep.",0,0,0,0,0,0,0,0,0,0,0,0,0,0,0,0,0,0,0,0,1500,998,1020,1040,1060,1080,1140,1170,1200,1220,1290,1300,1290,1270,1280,1282.599,1282.6,1321.52,1410.52,1160,1526,1403.92,3351,3342.5,3350.5,3350.500096,3350.500096,3350.500096
Zambia,0,0,0,0,0,0,0,0,0,0,0,0,0,0,0,0,0,0,0,0,0,0,0,0,0,0,0,0,0,0,0,0,0,36.3,48.4,52.87,57.68,59.3,68.195,41.264,43.657312,46.27675072,72.864,53.98026206,58.30030243,47.04654,38.46444,40.56717835
Zimbabwe,0,0,0,0,0,0,0,17.64527048,12.89225,19.3975835,16.8916168,28.29462824,32.89533454,19.55618057,3.80628659,0.61964084,0.78505463,1.14302578,1.38294645,0.71224889,0.84863586,0.349842123,0.58772689,1.12580886,43.68541756,0,0,0,0,0,0,0,0,0,0,0,0,0,0,0,0,0,0,0,0,0,0,0
World,1921.963098,2464.443721,2993.711404,3215.283986,4535.880907,9529.354754,11069.42895,16829.63977,22356.19728,28221.7505,35813.93746,34887.16467,36041.33078,36578.39133,35361.10973,34555.88406,40459.24071,48817.48085,52361.34804,54748.82438,64034.12654,67753.61523,75215.32331,75210.75538,85677.24757,97888.72638,102763.0084,117241.9948,114004.7156,121671.3659,126749.6857,140338.8093,163489.3601,197182.5171,226425.9779,280146.4292,326007.9991,393115.1297,454272.8711,426042.4766,462145.8609,524414.3558,544903.1745,574016.1519,597688.7812,581872.1768,573551.2752,595694.727
